{"cameraMode":{"drawMode":0,"name":"Shaded","section":"Shading Mode"},"sceneLighting":false,"audioPlay":false,"sceneViewState":{"m_AlwaysRefresh":false,"showFog":true,"showSkybox":false,"showFlares":true,"showImageEffects":true,"showParticleSystems":true,"showVisualEffectGraphs":true,"m_FxEnabled":true},"in2DMode":false,"pivot":{"x":0.49301815032958987,"y":0.9279040098190308,"z":0.14961326122283936},"rotation":{"x":0.20804905891418458,"y":-0.3396904766559601,"z":0.07732487469911576,"w":0.9140177965164185},"size":2.6039865016937258,"orthographic":true}