{"cameraMode":{"drawMode":0,"name":"Shaded","section":"Shading Mode"},"sceneLighting":false,"audioPlay":false,"sceneViewState":{"m_AlwaysRefresh":false,"showFog":true,"showSkybox":false,"showFlares":true,"showImageEffects":true,"showParticleSystems":true,"showVisualEffectGraphs":true,"m_FxEnabled":true},"in2DMode":false,"pivot":{"x":0.9572105407714844,"y":2.9600000381469728,"z":-10.260000228881836},"rotation":{"x":-0.13735060393810273,"y":-0.6530163884162903,"z":0.12207720428705216,"w":-0.7347249984741211},"size":3.9210968017578127,"orthographic":false}