{"cameraMode":{"drawMode":0,"name":"Shaded","section":"Shading Mode"},"sceneLighting":false,"audioPlay":false,"sceneViewState":{"m_AlwaysRefresh":false,"showFog":true,"showSkybox":false,"showFlares":true,"showImageEffects":true,"showParticleSystems":true,"showVisualEffectGraphs":true,"m_FxEnabled":true},"in2DMode":false,"pivot":{"x":-2.954986333847046,"y":0.5527629852294922,"z":0.3949918746948242},"rotation":{"x":0.10358995944261551,"y":0.026528572663664819,"z":-0.0027531366795301439,"w":0.9943009614944458},"size":8.588658332824707,"orthographic":true}