{"cameraMode":{"drawMode":0,"name":"Shaded","section":"Shading Mode"},"sceneLighting":false,"audioPlay":false,"sceneViewState":{"m_AlwaysRefresh":false,"showFog":true,"showSkybox":false,"showFlares":true,"showImageEffects":true,"showParticleSystems":true,"showVisualEffectGraphs":true,"m_FxEnabled":true},"in2DMode":false,"pivot":{"x":4.387065410614014,"y":1.5960609912872315,"z":0.75762939453125},"rotation":{"x":-0.06174502894282341,"y":0.029356393963098527,"z":-0.0017970004118978978,"w":-0.9976771473884583},"size":3.9210968017578127,"orthographic":false}