{"cameraMode":{"drawMode":0,"name":"Shaded","section":"Shading Mode"},"sceneLighting":false,"audioPlay":false,"sceneViewState":{"m_AlwaysRefresh":false,"showFog":true,"showSkybox":false,"showFlares":true,"showImageEffects":true,"showParticleSystems":true,"showVisualEffectGraphs":true,"m_FxEnabled":true},"in2DMode":false,"pivot":{"x":-1.9608001708984376,"y":3.0477776527404787,"z":1.3532819747924805},"rotation":{"x":-0.02089051716029644,"y":0.9382083415985107,"z":-0.34078043699264529,"w":-0.06165391579270363},"size":3.8993091583251955,"orthographic":true}